x,y
0.0,-0.007046689406673506
0.05002501250625312,-0.013966033043019924
0.10005002501250625,0.006037378921594151
0.15007503751875936,-0.01710254853329829
0.2001000500250125,0.0014352801722675688
0.2501250625312656,-0.005372443323496578
0.3001500750375187,-0.01768004300901173
0.35017508754377186,0.00029742932757681126
0.400200100050025,-0.018500173662320606
0.4502251125562781,-0.002654172653504566
0.5002501250625312,-0.017205783057015242
0.5502751375687843,-0.016371479466245398
0.6003001500750375,-0.0030192324342994403
0.6503251625812906,0.013074084986881524
0.7003501750875437,-0.015047921554014177
0.7503751875937968,-0.01107044141571942
0.80040020010005,0.005097328896223573
0.8504252126063031,0.01790835769828023
0.9004502251125562,0.003084117944699948
0.9504752376188094,-0.0041327810139687934
1.0005002501250624,0.0190502042237168
1.0505252626313155,-0.01813669277528975
1.1005502751375686,0.014338738361947182
1.1505752876438218,-0.008415628546732948
1.200600300150075,-0.014229796665702498
1.250625312656328,-0.015288310476865262
1.3006503251625812,-0.00766072703592262
1.3506753376688343,0.012645054364801267
1.4007003501750874,-0.01277094480304249
1.4507253626813406,0.0032640065464986682
1.5007503751875937,0.0055565387570473855
1.5507753876938468,-0.005104098290970716
1.6008004002001,0.0019097786283823615
1.650825412706353,-0.017488441001067005
1.7008504252126062,-0.017615953201350593
1.7508754377188593,-0.011761651487226795
1.8009004502251125,0.007215998927271644
1.8509254627313656,-0.002896307773223592
1.9009504752376187,-0.007434113184927922
1.9509754877438719,0.00342247454030614
2.0010005002501248,-0.0018726249451681463
2.051025512756378,-0.008009320125451521
2.101050525262631,0.011775179260901323
2.151075537768884,0.007959777349185208
2.2011005502751373,-0.010236139571110569
2.2511255627813904,0.002976948410351498
2.3011505752876436,0.0010078601524645893
2.3511755877938967,0.015005499822946296
2.40120060030015,0.009177811577581471
2.451225612806403,-0.008482489404374736
2.501250625312656,0.019206993899728072
2.551275637818909,-0.01527736886976707
2.6013006503251623,-0.0032750871285431265
2.6513256628314155,0.010285637182676154
2.7013506753376686,-0.013920618613488318
2.7513756878439217,-0.0004414759808415074
2.801400700350175,-0.018431709717928534
2.851425712856428,0.00672863426161506
2.901450725362681,0.010582834648841003
2.9514757378689342,0.002921037611545555
3.0015007503751874,0.015019112473851475
3.0515257628814405,-0.007450099485234877
3.1015507753876936,0.00781181465209335
3.1515757878939468,0.00377479508576184
3.2016008004002,0.0031958081734207435
3.251625812906453,-0.0017517867450666206
3.301650825412706,0.01359871122439685
3.3516758379189593,0.017787243809582347
3.4017008504252124,-0.0010360664961104754
3.4517258629314655,0.006566088228555273
3.5017508754377187,-0.01757322288324571
3.551775887943972,0.008059680869445841
3.601800900450225,0.005885154204245884
3.651825912956478,0.019723837609616393
3.701850925462731,0.012876991505716983
3.7518759379689843,-0.00861617866114476
3.8019009504752375,-0.0045683422288270315
3.8519259629814906,0.006746108732740841
3.9019509754877437,-0.019097482748656223
3.951975987993997,-0.001532188377088951
4.0020010005002495,-0.01327806461787848
4.052026013006503,-0.01531616792279062
4.102051025512756,-0.017641822834405973
4.152076038019009,0.010729320054657727
4.202101050525262,-0.014826390442436074
4.252126063031516,-0.010095405765493944
4.302151075537768,-0.004362010715203295
4.352176088044022,0.014856880478684126
4.402201100550275,-0.01677674597944762
4.452226113056528,-0.0020325013958913704
4.502251125562781,0.001977599698314538
4.552276138069034,0.015335357378019509
4.602301150575287,0.012771199104666179
4.652326163081541,0.01455938601133213
4.702351175587793,-0.008863148103653748
4.752376188094047,-0.003388127318098841
4.8024012006003,-0.005649137972832879
4.852426213106553,0.015367732863404192
4.902451225612806,0.01830927348572205
4.9524762381190595,-0.013963131387270612
5.002501250625312,-0.012951249532658091
5.052526263131566,-0.010721672672547158
5.102551275637818,-0.010666489683188712
5.152576288144072,-0.0006014057580519044
5.202601300650325,0.0035650479184846416
5.252626313156578,-0.009489998873057674
5.302651325662831,-0.019836083640956598
5.3526763381690845,-0.0032419228050418183
5.402701350675337,-0.005229583763876483
5.452726363181591,0.0026539923712932782
5.5027513756878434,0.018124347777830518
5.552776388194097,0.00762028564722678
5.60280140070035,0.0006203314990705603
5.652826413206603,0.004704551200979707
5.702851425712856,0.0070490511398869525
5.7528764382191095,-0.017838981329848503
5.802901450725362,0.01598293773414335
5.852926463231616,0.011200783725114172
5.9029514757378685,0.01498300640546597
5.952976488244122,0.011917986061581594
6.003001500750375,-0.004301070183858548
6.053026513256628,-0.004036203162389934
6.103051525762881,-0.01585281204130407
6.153076538269135,0.005378577610640917
6.203101550775387,-0.017501524191566798
6.253126563281641,-0.017295631196889823
6.3031515757878935,-0.011636707262437174
6.353176588294147,-0.013492327017800553
6.4032016008004,-0.006378955671014219
6.4532266133066525,-0.017874041619110773
6.503251625812906,-0.019962884897505126
6.553276638319159,-0.013915802242673478
6.603301650825412,-0.015900860995561886
6.653326663331665,-0.005406716772442553
6.703351675837919,-0.01892115108958705
6.753376688344171,0.015043928623604746
6.803401700850425,0.004647441385074441
6.8534267133566775,-0.013956632565244827
6.903451725862931,-0.009788606129564685
6.953476738369184,-0.00596000701833835
7.003501750875437,-0.005261528604618752
7.05352676338169,-0.014881964288734714
7.103551775887944,0.01419992488284151
7.153576788394196,0.020011262741378818
7.20360180090045,-0.001020908695193206
7.253626813406703,-0.00024589169176009786
7.303651825912956,-0.016092468513767767
7.353676838419209,-0.015357163133049878
7.403701850925462,-0.005642524497922644
7.453726863431715,-0.008645460137457187
7.503751875937969,0.014048460568162632
7.553776888444221,-0.012497939281738113
7.603801900950475,-0.01785825058364997
7.653826913456728,0.01945706949906096
7.703851925962981,0.0027775561569022018
7.753876938469234,-0.012225157636447086
7.8039019509754874,0.003939413816922093
7.85392696348174,-0.016360794527409267
7.903951975987994,0.0040755321511099
7.953976988494246,0.0225395300097988
8.004002001000499,0.018442115531753532
8.054027013506753,0.012335216592729998
8.104052026013006,-0.004413229074729569
8.15407703851926,0.0005502957414425776
8.204102051025512,-0.006601024555131043
8.254127063531765,0.018535007655714326
8.304152076038019,0.010017823750319312
8.354177088544272,0.021061543929133203
8.404202101050524,0.004412845473920596
8.454227113556778,0.001630560477876233
8.504252126063031,0.02682282296779611
8.554277138569285,0.03559983669736525
8.604302151075537,0.0323524646565147
8.65432716358179,0.032757276199011476
8.704352176088044,0.03575582787096221
8.754377188594297,0.03538765871444418
8.80440220110055,0.017915704459370733
8.854427213606803,0.03291050978001833
8.904452226113056,0.030114970654738657
8.95447723861931,0.02109194993445739
9.004502251125562,0.025468158108182773
9.054527263631815,0.04034859503750069
9.104552276138069,0.044789436520530405
9.154577288644322,0.06783002600402424
9.204602301150574,0.08457948293567609
9.254627313656828,0.07090788740832141
9.304652326163081,0.09773679585590025
9.354677338669335,0.10757877746656175
9.404702351175587,0.11464915680964438
9.45472736368184,0.10004276291850954
9.504752376188094,0.1039251557254813
9.554777388694347,0.11449459264193089
9.6048024012006,0.1242900078327337
9.654827413706853,0.13630497445296672
9.704852426213106,0.16552654891608598
9.754877438719358,0.18975156696541914
9.804902451225612,0.20128669537529556
9.854927463731865,0.2015431489982179
9.904952476238119,0.22395003263175972
9.95497748874437,0.24605834327725165
10.005002501250624,0.234479677780694
10.055027513756878,0.2752972178446866
10.105052526263131,0.3038099817900356
10.155077538769383,0.3180017542752308
10.205102551275637,0.3367324445641795
10.25512756378189,0.3465673971188691
10.305152576288144,0.35597858017466155
10.355177588794396,0.402431938822923
10.40520260130065,0.4067924782223524
10.455227613806903,0.4487001417689276
10.505252626313156,0.47920713763711736
10.555277638819408,0.48028884343229217
10.605302651325662,0.5050032006401101
10.655327663831915,0.5516219035970852
10.705352676338169,0.5677810082110452
10.75537768884442,0.5707871029647643
10.805402701350674,0.594342929278184
10.855427713856928,0.6205720470709706
10.905452726363182,0.6758849518357999
10.955477738869433,0.6969229413582194
11.005502751375687,0.6951933122127536
11.05552776388194,0.7467040559747311
11.105552776388194,0.7766679410583469
11.155577788894446,0.7869734881497464
11.2056028014007,0.7972412607007302
11.255627813906953,0.8269295293630744
11.305652826413207,0.8310987917946397
11.355677838919458,0.8463278785677152
11.405702851425712,0.9034219924061241
11.455727863931966,0.908241721112688
11.505752876438219,0.9197413138486341
11.55577788894447,0.9511211760056978
11.605802901450724,0.9448268060171643
11.655827913956978,0.9745740691228318
11.705852926463232,0.983450466574544
11.755877938969483,0.9679614126316112
11.805902951475737,0.9770774452132136
11.85592796398199,0.9845373703253818
11.905952976488244,0.9865551608718238
11.955977988994496,1.002784818120726
12.00600300150075,0.9903620793797083
12.056028014007003,0.9956711173260947
12.106053026513257,0.9813452695947542
12.156078039019508,1.0079778980049334
12.206103051525762,0.979510133541319
12.256128064032016,0.9758055787889155
12.30615307653827,0.9713128049638043
12.356178089044521,0.9730783703256095
12.406203101550775,0.9411434190879078
12.456228114057028,0.9469864327366465
12.506253126563282,0.9149203531192192
12.556278139069533,0.8993977414659551
12.606303151575787,0.8811103515731653
12.65632816408204,0.8418248425985965
12.706353176588294,0.8385397084240205
12.756378189094546,0.8071622501337349
12.8064032016008,0.778039913036255
12.856428214107053,0.7871337820385583
12.906453226613305,0.738684261636097
12.956478239119559,0.7267925049917022
13.006503251625812,0.7124615464495759
13.056528264132066,0.6809512774617459
13.106553276638317,0.6467046229858882
13.156578289144571,0.6292021105129323
13.206603301650825,0.605410780926904
13.256628314157078,0.5893002070643275
13.30665332666333,0.5370065692829834
13.356678339169584,0.5301848890457648
13.406703351675837,0.4929784064657688
13.45672836418209,0.4697075885954857
13.506753376688343,0.46550715718790225
13.556778389194596,0.43136617249443715
13.60680340170085,0.41047888958975465
13.656828414207103,0.3959233079812176
13.706853426713355,0.38014371413229514
13.756878439219609,0.34014087105417756
13.806903451725862,0.32635878129886275
13.856928464232116,0.3022349261270151
13.906953476738368,0.2833859111228668
13.956978489244621,0.2722448390876807
14.007003501750875,0.24502812281819497
14.057028514257128,0.231435299157002
14.10705352676338,0.21316973564297995
14.157078539269634,0.2164272880132684
14.207103551775887,0.1922253526118013
14.25712856428214,0.18557019274073686
14.307153576788393,0.17519992558693515
14.357178589294646,0.1356382249434968
14.4072036018009,0.13609830530372152
14.457228614307153,0.14061421952931852
14.507253626813405,0.12633105548957252
14.557278639319659,0.08872318378102718
14.607303651825912,0.0792447082300824
14.657328664332166,0.0838167918346267
14.707353676838418,0.061370429357479064
14.757378689344671,0.06098837508160718
14.807403701850925,0.047712671035624654
14.857428714357178,0.06549539613602524
14.90745372686343,0.06447917329140386
14.957478739369684,0.06385765965956405
15.007503751875937,0.02943243578646996
15.057528764382191,0.04757438159162705
15.107553776888443,0.041386477327024634
15.157578789394696,0.017088915589820976
15.20760380190095,0.04339962451182548
15.257628814407203,0.04380467026038089
15.307653826913455,0.011180914086033996
15.357678839419709,0.03804897431540508
15.407703851925962,0.013667333166365692
15.457728864432216,0.015233574981811486
15.507753876938468,0.033543971634918325
15.557778889444721,0.02563585045515535
15.607803901950975,-0.0026472246722989996
15.657828914457228,0.00686335679254709
15.70785392696348,0.009073483876927815
15.757878939469734,0.0009863088117985329
15.807903951975987,-0.005662507056714569
15.857928964482241,-0.0015625845976092265
15.907953976988493,0.013863600881341438
15.957978989494746,-0.014878784483839506
16.008004002000998,0.005942842258053279
16.05802901450725,0.0009048756120712286
16.108054027013505,-0.016424791568495654
16.15807903951976,-0.004269599000059427
16.208104052026012,0.007093426649832859
16.258129064532266,0.002334679489930113
16.30815407703852,-0.015839146234644087
16.35817908954477,0.020770457926407786
16.408204102051023,0.012708552138806535
16.458229114557277,0.01987429337153476
16.50825412706353,-0.014947515346608604
16.558279139569784,-0.00864162750248788
16.608304152076037,-0.017788975034093525
16.65832916458229,0.01169410283503107
16.708354177088545,-0.008728161762579968
16.758379189594795,-0.014432620542325539
16.80840420210105,-0.002783642538308794
16.858429214607302,0.016732324323373973
16.908454227113555,0.012991900933375568
16.95847923961981,-0.009459554102895472
17.008504252126063,-0.013860366279309234
17.058529264632316,0.016905321080391045
17.10855427713857,0.002939845305536463
17.15857928964482,0.00811379349041064
17.208604302151073,-0.016340413535109476
17.258629314657327,-0.01763131957218179
17.30865432716358,0.0075845080312170925
17.358679339669834,-0.002940547730485881
17.408704352176088,-0.017064637371637242
17.45872936468234,0.017566120477343322
17.508754377188595,0.005404147579488391
17.558779389694845,0.012087074880400303
17.6088044022011,-0.016632222621033813
17.658829414707352,0.014264022891841638
17.708854427213605,-0.017322870183047526
17.75887943971986,0.014521038320681239
17.808904452226113,-0.0018408240097296583
17.858929464732366,-0.0064271774178759076
17.90895447723862,0.0021280998235397586
17.95897948974487,0.01707131250145542
18.009004502251123,-0.009281877891722216
18.059029514757377,-0.014827930756112885
18.10905452726363,0.0010791513820135655
18.159079539769884,-0.01046042311001255
18.209104552276138,-0.015620142328055857
18.25912956478239,-0.013540493483779137
18.309154577288645,-0.01798346147294358
18.359179589794895,-0.01192805934228086
18.40920460230115,-0.007519185743330856
18.459229614807402,-0.007798717779192901
18.509254627313656,0.010380981286509744
18.55927963981991,-0.008400497186447685
18.609304652326163,4.663394555770597e-06
18.659329664832416,-0.012882804565638875
18.70935467733867,-0.006118647758929553
18.75937968984492,-0.019272021688182806
18.809404702351173,-0.009980420172501153
18.859429714857427,-0.019384314996901
18.90945472736368,0.009325304545638784
18.959479739869934,0.002044345176735457
19.009504752376188,-0.012419022745469166
19.05952976488244,-0.0010064678687139019
19.109554777388695,0.01738926747741597
19.159579789894945,-0.015744679730410736
19.2096048024012,0.01276145816603953
19.259629814907452,-0.0027075750915994843
19.309654827413706,-0.00019385324350272465
19.35967983991996,0.01339150884827401
19.409704852426213,-0.00426861896413087
19.459729864932466,0.00027649651192658586
19.509754877438716,0.00751999913721716
19.55977988994497,0.019309392482044923
19.609804902451224,-0.00627841182804455
19.659829914957477,0.013306712074118236
19.70985492746373,0.00828635502852463
19.759879939969984,0.005458776559503496
19.809904952476238,-0.0037897294141562483
19.85992996498249,-0.0060725462332854654
19.90995497748874,-0.017795706148656793
19.959979989994995,-0.014774691725502255
20.01000500250125,-0.01713423255705906
20.060030015007502,0.009677245467816937
20.110055027513756,-0.009729149939361782
20.16008004002001,-0.01341696362841982
20.210105052526263,-0.01656061022000885
20.260130065032516,0.013718395726988295
20.310155077538766,0.014897705334337085
20.36018009004502,0.006907496511841449
20.410205102551274,-0.008626203981140723
20.460230115057527,-0.010203066583094889
20.51025512756378,-0.008155906292779553
20.560280140070034,-0.0014852549712128756
20.610305152576288,-0.013545483297347402
20.66033016508254,-0.0019953673408065
20.71035517758879,-0.009278106481080935
20.760380190095045,0.018686442272190854
20.8104052026013,0.019145232760760213
20.860430215107552,0.0021513572509794755
20.910455227613806,-0.009922552029521319
20.96048024012006,0.018960785387599894
21.010505252626313,-0.007245750997376487
21.060530265132567,-0.005322042131414144
21.110555277638817,-0.019495931205081998
21.16058029014507,-0.004222046134402935
21.210605302651324,-0.0004444615087106755
21.260630315157577,0.0007430820416995706
21.31065532766383,-0.011259184023262992
21.360680340170084,0.0009670776423477246
21.410705352676338,-0.018940713165259818
21.46073036518259,-0.008480119778931988
21.51075537768884,-0.015355879418681159
21.560780390195095,-0.0028549452772686384
21.61080540270135,-0.017047473377088625
21.660830415207602,-0.01768161991275579
21.710855427713856,-0.0062663375705590526
21.76088044022011,-0.00896492739396542
21.810905452726363,0.0053194930488766334
21.860930465232617,0.00325307223346889
21.910955477738867,0.012313577344911009
21.96098049024512,0.008818655705033516
22.011005502751374,0.011401548669347852
22.061030515257627,0.01819183096936794
22.11105552776388,-0.0011016142815689668
22.161080540270135,-0.0033224846810867886
22.211105552776388,0.02336241017814792
22.26113056528264,-0.009678423978695314
22.31115557778889,0.013709837830688477
22.361180590295145,0.010905884608393358
22.4112056028014,-0.01260261755735569
22.461230615307652,0.019563883459694533
22.511255627813906,0.02237669036170062
22.56128064032016,0.012381923084954817
22.611305652826413,0.017278142276960392
22.661330665332663,0.021096977309633676
22.711355677838917,-0.005083460952701938
22.76138069034517,0.011085638801468121
22.811405702851424,0.011159792578598367
22.861430715357677,0.025294083796670336
22.91145572786393,0.025061021638871358
22.961480740370185,0.026977154364779703
23.011505752876438,0.018403629134098657
23.061530765382688,0.031952360086429606
23.11155577788894,0.024834869764532457
23.161580790395195,0.02661826622572543
23.21160580290145,0.009539833486352968
23.261630815407702,0.003141097548403776
23.311655827913956,0.008871162918374784
23.36168084042021,0.019733701108249138
23.411705852926463,0.011370275071308826
23.461730865432713,0.04259007340171158
23.511755877938967,0.03360256821255858
23.56178089044522,0.03860239961109403
23.611805902951474,0.040902415707975225
23.661830915457728,0.045578462247474555
23.71185592796398,0.040564648807215685
23.761880940470235,0.02391446385143735
23.81190595297649,0.058632459457229974
23.86193096548274,0.05975712145614777
23.911955977988992,0.053212206239443574
23.961980990495245,0.05793872467151041
24.0120060030015,0.06651614961267999
24.062031015507753,0.046581188535474924
24.112056028014006,0.07739268956918353
24.16208104052026,0.06218316199181879
24.212106053026513,0.059445140591770904
24.262131065532763,0.07166366289988703
24.312156078039017,0.09499623975730082
24.36218109054527,0.07902498464170941
24.412206103051524,0.10561921006005125
24.462231115557778,0.1204857255158534
24.51225612806403,0.10686884617387087
24.562281140570285,0.1082957325704951
24.61230615307654,0.11826716391097435
24.66233116558279,0.13280189313840715
24.712356178089042,0.14271633612800588
24.762381190595296,0.14353818569770396
24.81240620310155,0.15163112941394882
24.862431215607803,0.13632156855791822
24.912456228114056,0.14666297141166906
24.96248124062031,0.15870797894001704
25.012506253126563,0.18630394775504985
25.062531265632813,0.17701608674051694
25.112556278139067,0.19605140476185198
25.16258129064532,0.182576121899312
25.212606303151574,0.19347190960902907
25.262631315657828,0.21099232176466604
25.31265632816408,0.2365406605589
25.362681340670335,0.24698512666489916
25.41270635317659,0.2561750361215872
25.46273136568284,0.2508350862814295
25.512756378189092,0.2701138771591934
25.562781390695346,0.2784797798600671
25.6128064032016,0.28916773861898415
25.662831415707853,0.286045406308573
25.712856428214106,0.328002490695433
25.76288144072036,0.31132480148370345
25.81290645322661,0.35371462392949554
25.862931465732864,0.3633976042430934
25.912956478239117,0.3381148277244565
25.96298149074537,0.36733570911083696
26.013006503251624,0.3934149491943828
26.063031515757878,0.41104973675114714
26.11305652826413,0.40205763065791483
26.163081540770385,0.40661089714302173
26.213106553276635,0.41605637835449766
26.26313156578289,0.4572798285352212
26.313156578289142,0.4396547078006797
26.363181590795396,0.46621279391425746
26.41320660330165,0.46028914603729404
26.463231615807903,0.48716604267610947
26.513256628314156,0.515795098151883
26.56328164082041,0.49434958921904076
26.61330665332666,0.5330712692138166
26.663331665832914,0.5316662098307768
26.713356678339167,0.5576606924003654
26.76338169084542,0.5609846591286386
26.813406703351674,0.5525460356659251
26.863431715857928,0.5893924459578341
26.91345672836418,0.5828570492845868
26.963481740870435,0.5740456103826144
27.013506753376685,0.5825305281338344
27.06353176588294,0.611063946178222
27.113556778389192,0.6180913403705319
27.163581790895446,0.6204410754798921
27.2136068034017,0.6219129449230647
27.263631815907953,0.637567095059317
27.313656828414207,0.6435618664531003
27.36368184092046,0.6712084522323722
27.41370685342671,0.6439049656626366
27.463731865932964,0.6796425156143986
27.513756878439217,0.6884842241519954
27.56378189094547,0.6645449184592761
27.613806903451724,0.701128597053974
27.663831915957978,0.6964190158209029
27.71385692846423,0.7072734769401982
27.763881940970485,0.6855965880060639
27.813906953476735,0.6911578962259063
27.86393196598299,0.6937188055588767
27.913956978489242,0.7191524067473526
27.963981990995496,0.703426940137425
28.01400700350175,0.6944071792495448
28.064032016008003,0.6966793382111539
28.114057028514257,0.6896023259376952
28.16408204102051,0.6790284175426992
28.21410705352676,0.6791338197913348
28.264132066033014,0.7058910409362826
28.314157078539267,0.68084424624747
28.36418209104552,0.7032420569513834
28.414207103551774,0.671682659882949
28.464232116058028,0.6677314373462727
28.51425712856428,0.6724453774952085
28.564282141070535,0.6540287685821076
28.614307153576785,0.655332654483573
28.66433216608304,0.6721585795110123
28.714357178589292,0.6623597196378365
28.764382191095546,0.6521236907351394
28.8144072036018,0.6371322827309618
28.864432216108053,0.6402965622704798
28.914457228614307,0.6328801216700769
28.964482241120557,0.6083613074603863
29.01450725362681,0.6059812644741375
29.064532266133064,0.5696688808938908
29.114557278639317,0.5871802916391518
29.16458229114557,0.56584177355634
29.214607303651825,0.5675802782375207
29.264632316158078,0.5526848770044488
29.31465732866433,0.5275713717966852
29.36468234117058,0.5071067076043256
29.414707353676835,0.5310708371078734
29.46473236618309,0.4877925558697259
29.514757378689342,0.4901566315921543
29.564782391195596,0.47347419775202115
29.61480740370185,0.46000643889021614
29.664832416208103,0.4659541494583005
29.714857428714357,0.4636909955594006
29.764882441220607,0.4232604531085154
29.81490745372686,0.42729508872190425
29.864932466233114,0.4012956779255929
29.914957478739368,0.39978521585341986
29.96498249124562,0.38153759804762344
30.015007503751875,0.3607837947819113
30.06503251625813,0.34895747811741096
30.115057528764382,0.33929526560100565
30.165082541270632,0.3558110710193236
30.215107553776885,0.328165137193533
30.26513256628314,0.3059229187278145
30.315157578789393,0.3223549668920761
30.365182591295646,0.3151009113436168
30.4152076038019,0.2825432615727482
30.465232616308153,0.2596074629352131
30.515257628814407,0.2513839645589848
30.565282641320657,0.23717427578212752
30.61530765382691,0.23728377367112907
30.665332666333164,0.21751819557024105
30.715357678839418,0.21392370962808005
30.76538269134567,0.20539817249392742
30.815407703851925,0.20877970148711497
30.86543271635818,0.2126462536066496
30.915457728864432,0.19853726779370431
30.965482741370682,0.17669336639433442
31.015507753876935,0.16860709262343743
31.06553276638319,0.16512814711040272
31.115557778889443,0.1515866446917506
31.165582791395696,0.14263195660266856
31.21560780390195,0.124419013977777
31.265632816408203,0.1261102857893464
31.315657828914457,0.14702895191124998
31.365682841420707,0.10690555035710551
31.41570785392696,0.1157904215339107
31.465732866433214,0.1148559684523794
31.515757878939468,0.11843093573379135
31.56578289144572,0.08702650777642584
31.615807903951975,0.08392251959991176
31.66583291645823,0.07793172333679498
31.715857928964482,0.07910966175953843
31.765882941470732,0.07628888613374689
31.815907953976986,0.0921520933478259
31.86593296648324,0.08368118138512605
31.915957978989493,0.0805835337935578
31.965982991495746,0.04266370112494252
32.016008004001996,0.039388365983270134
32.06603301650825,0.06296494057684886
32.1160580290145,0.06707113598215907
32.16608304152076,0.04700018954850435
32.21610805402701,0.048544460880434695
32.266133066533264,0.02220862061389093
32.31615807903952,0.03515689191617007
32.36618309154577,0.054008612505916945
32.416208104052025,0.04753789369193877
32.46623311655828,0.04644544947867468
32.51625812906453,0.048957564466555
32.566283141570786,0.017970490762355754
32.61630815407704,0.010475371806083995
32.66633316658329,0.010482818881159553
32.71635817908954,0.023503870918069488
32.76638319159579,0.028296249755642502
32.816408204102046,0.0371744541723588
32.8664332166083,0.026978684482832485
32.91645822911455,0.022685899696401748
32.96648324162081,0.02615049955521937
33.01650825412706,0.012697461764784835
33.066533266633314,0.015385779488866895
33.11655827913957,-0.006099859313720136
33.16658329164582,0.022670156240013038
33.216608304152075,-0.0001951658279261883
33.26663331665833,0.026482143234033896
33.31665832916458,0.014745721087500902
33.366683341670836,0.00037019393769387003
33.41670835417709,-0.007318915512081836
33.46673336668334,-0.002975258851899118
33.51675837918959,0.011839375746957146
33.56678339169584,0.013807179060070174
33.6168084042021,-0.010135818948349407
33.66683341670835,-0.01225576925399259
33.716858429214604,0.005492846794869187
33.76688344172086,0.007447945736508342
33.81690845422711,-0.000697908986164611
33.866933466733364,-0.007603787936671196
33.91695847923962,0.007195079022389486
33.96698349174587,-0.016705253123961518
34.017008504252125,-0.00531702859243284
34.06703351675838,0.0008161958876131302
34.11705852926463,0.02053174306578486
34.167083541770886,0.007760464722772892
34.21710855427714,0.01714810348963763
34.26713356678339,0.0006441921960749354
34.31715857928964,-0.009128345054513714
34.36718359179589,-0.008774875317138534
34.41720860430215,0.019641162614946955
34.4672336168084,0.009287552958224256
34.517258629314654,-0.006707731378743439
34.56728364182091,-0.01822787632193552
34.61730865432716,0.0007458795776403382
34.667333666833414,0.007712709250476124
34.71735867933967,-0.0025372602541613603
34.76738369184592,-0.009113109721765924
34.817408704352175,0.007231444460792976
34.86743371685843,0.017489813484135926
34.91745872936468,-0.010493974602276161
34.967483741870936,-0.018245693939453557
35.01750875437719,-0.0061274821705081
35.06753376688344,-0.0028633792762660644
35.11755877938969,0.007584408675482352
35.16758379189594,-0.011824491607585452
35.2176088044022,0.012108370363895334
35.26763381690845,0.00976708094558714
35.317658829414704,0.00037554606318021837
35.36768384192096,-0.011630182229859008
35.41770885442721,0.018938048320206284
35.467733866933465,-0.007403270508431369
35.51775887943972,0.012914285211624743
35.56778389194597,-0.010666086052840983
35.617808904452225,-0.01105196083000593
35.66783391695848,0.0104991022162009
35.71785892946473,-0.008131403356749264
35.767883941970986,0.0181403259353739
35.81790895447724,-0.00011333059838762733
35.867933966983486,-0.01245778712127568
35.91795897948974,-0.011023050520030633
35.96798399199599,-0.0032799292285399058
36.01800900450225,0.006646160482822886
36.0680340170085,0.01798082637448608
36.118059029514754,-0.014117871452707731
36.16808404202101,-0.004237961569703379
36.21810905452726,-0.01146120653402706
36.268134067033515,0.018983129365588634
36.31815907953977,-0.014307419980215758
36.36818409204602,-0.017912191677722934
36.418209104552275,-0.017582127290389517
36.46823411705853,-0.00425619254413063
36.51825912956478,0.01593629176085967
36.568284142071036,0.015351755695704081
36.61830915457729,0.00931631651530506
36.668334167083536,0.019907638802369666
36.71835917958979,0.017269458057503607
36.76838419209604,-0.0068253617235505
36.8184092046023,-0.012575207782369343
36.86843421710855,0.017439020484203028
36.918459229614804,0.00985561821315731
36.96848424212106,-0.018721389222052826
37.01850925462731,0.00657969446272924
37.068534267133565,-0.004853038660667741
37.11855927963982,-0.005042742551550065
37.16858429214607,-0.006730420680516061
37.218609304652325,-0.013228079666650449
37.26863431715858,-0.019883852092203603
37.31865932966483,-0.008806555820046302
37.368684342171086,-0.005940239268395672
37.41870935467734,0.01822161048199246
37.468734367183586,-0.015050687519136477
37.51875937968984,0.018571829981009785
37.56878439219609,-0.011702880387439087
37.61880940470235,-0.005733720537496395
37.6688344172086,0.012864200160067502
37.718859429714854,0.012881788168086975
37.76888444222111,-0.0027002600376938276
37.81890945472736,-0.018027537590279613
37.868934467233615,-0.001058736034547532
37.91895947973987,-0.005088026075929741
37.96898449224612,0.016784556420185823
38.019009504752376,-0.012273494675856684
38.06903451725863,-0.005423107766135683
38.11905952976488,0.01588855470628239
38.169084542271136,-0.018777512810964306
38.21910955477739,-0.003553710842137123
38.269134567283636,0.012490986350025329
38.31915957978989,0.010689479735414106
38.36918459229614,-0.018345312883843338
38.4192096048024,-0.018569696078367382
38.46923461730865,-0.017451441229019145
38.519259629814904,0.01685988553855257
38.56928464232116,-0.009648369209678802
38.61930965482741,0.00997996043384606
38.669334667333665,0.016052094963419163
38.71935967983992,-0.006300758044375169
38.76938469234617,-0.008938583572288016
38.819409704852426,0.018515941674783452
38.86943471735868,0.0049356378157733895
38.91945972986493,-0.009198126125542402
38.969484742371186,0.009051247117350825
39.01950975487743,-0.0068692418672567064
39.069534767383686,-0.008400227315584782
39.11955977988994,-0.019150609747603346
39.16958479239619,0.011073211278610237
39.21960980490245,0.01768313245455269
39.2696348174087,0.006595731735084125
39.319659829914954,0.01921835681909946
39.36968484242121,-0.017242753093928167
39.41970985492746,-0.008505187911134112
39.469734867433715,0.0015643048663330807
39.51975987993997,0.021317882657184272
39.56978489244622,0.021778081116458268
39.619809904952476,-0.0002451574557600809
39.66983491745873,-0.004879099151098134
39.71985992996498,0.0031897326669018027
39.769884942471236,0.006790859873881493
39.81990995497748,0.025402240367522814
39.869934967483736,-0.0029888293683089043
39.91995997998999,0.023425282790361816
39.969984992496244,0.022731698607443684
40.0200100050025,0.028242320801832872
40.07003501750875,0.028687005040763353
40.120060030015004,0.024844926961371222
40.17008504252126,0.016822308104290647
40.22011005502751,0.020063906219207815
40.270135067533765,0.02578749180971688
40.32016008004002,0.04714012333857129
40.37018509254627,0.02410259033626357
40.420210105052526,0.03453261397022937
40.47023511755878,0.0631139667061497
40.52026013006503,0.04996554938329728
40.57028514257129,0.05051148482833694
40.62031015507753,0.05795918994907804
40.67033516758379,0.08828484538710499
40.72036018009004,0.08974264358319924
40.770385192596294,0.12746944134772675
40.82041020510255,0.13622084523711253
40.8704352176088,0.15415186427468447
40.920460230115054,0.1401824361717227
40.97048524262131,0.14914212025380666
41.02051025512756,0.1671212664132971
41.070535267633815,0.20202685323643754
41.12056028014007,0.23067859671267324
41.17058529264632,0.24177417114866137
41.220610305152576,0.25630299004355794
41.27063531765883,0.2880944749152724
41.32066033016508,0.32216973646919767
41.37068534267134,0.3517029338814889
41.42071035517758,0.3834652670812453
41.47073536768384,0.41762888182874663
41.52076038019009,0.4418809999506158
41.570785392696344,0.4529982697867908
41.6208104052026,0.515854497421109
41.67083541770885,0.5291714945690005
41.720860430215104,0.5763259819090674
41.77088544272136,0.6057119227900483
41.82091045522761,0.6582376861022912
41.870935467733865,0.6752368863499594
41.92096048024012,0.7161922612659994
41.97098549274637,0.7554321972262866
42.021010505252626,0.7911868655410218
42.07103551775888,0.8597715451633083
42.12106053026513,0.8865967354965588
42.17108554277138,0.9150763192056398
42.22111055527763,0.9557005947755032
42.27113556778389,1.0164458328811499
42.32116058029014,1.0327617372824172
42.371185592796394,1.056052007281675
42.42121060530265,1.1118488775590407
42.4712356178089,1.1365294743607008
42.521260630315155,1.178882810196372
42.57128564282141,1.169950942516817
42.62131065532766,1.209040236310266
42.671335667833915,1.244413380354344
42.72136068034017,1.2641233273713983
42.77138569284642,1.2830431362517087
42.821410705352676,1.261047711753131
42.87143571785893,1.281047668133417
42.92146073036518,1.280765370851742
42.97148574287143,1.2870545437779481
43.02151075537768,1.318617878784722
43.07153576788394,1.3000057144962625
43.12156078039019,1.3076372810870815
43.171585792896444,1.2758925521617215
43.2216108054027,1.2831114654881226
43.27163581790895,1.2508775737792295
43.321660830415205,1.2248552032751927
43.37168584292146,1.2243445172875014
43.42171085542771,1.2072224496209294
43.471735867933965,1.147340560319249
43.52176088044022,1.1384083170723767
43.57178589294647,1.108747978598997
43.621810905452726,1.0601847379633158
43.67183591795898,1.032111962405841
43.72186093046523,0.9874791044490336
43.77188594297148,0.9532434867561763
43.82191095547773,0.9175647952619711
43.87193596798399,0.8928757205959885
43.92196098049024,0.8559613130686126
43.971985992996494,0.7987104715284211
44.02201100550275,0.75159238368752
44.072036018009,0.7248765620293828
44.122061030515255,0.699841143837866
44.17208604302151,0.6414838608411618
44.22211105552776,0.6085462682816618
44.272136068034015,0.5669348412531355
44.32216108054027,0.554244250257479
44.37218609304652,0.5090035298162588
44.422211105552776,0.45538042495716474
44.47223611805903,0.42388184304734167
44.52226113056528,0.4038987386006661
44.57228614307153,0.3796969895991054
44.62231115557778,0.3542536254493911
44.67233616808404,0.30475021815503095
44.72236118059029,0.2815122246769993
44.772386193096544,0.27809209377195443
44.8224112056028,0.24342611597304617
44.87243621810905,0.21655951298741832
44.922461230615305,0.19713599865242393
44.97248624312156,0.20394571211984577
45.02251125562781,0.160642325800094
45.072536268134066,0.15443839658707237
45.12256128064032,0.13094593745248423
45.17258629314657,0.1193960534739893
45.222611305652826,0.12453011580617988
45.27263631815908,0.11813116196475357
45.322661330665326,0.0821478138798408
45.37268634317158,0.06577819812157779
45.42271135567783,0.07820742554714646
45.47273636818409,0.049270832458984934
45.52276138069034,0.03417963459525171
45.572786393196594,0.06355453316215139
45.62281140570285,0.03865221801021886
45.6728364182091,0.04934322521651188
45.722861430715355,0.028165502275470388
45.77288644322161,0.04313114612221311
45.82291145572786,0.022620581778892986
45.872936468234116,0.00747481823844961
45.92296148074037,-0.0012639366541439372
45.97298649324662,0.017716990083989293
46.023011505752876,0.0191014540323741
46.07303651825913,0.027960939166765793
46.123061530765376,-0.0065305536978873605
46.17308654327163,0.013352279494708097
46.22311155577788,0.002046821006640668
46.27313656828414,0.006309830165343843
46.32316158079039,-0.008965777549100433
46.373186593296644,-0.004271185847366763
46.4232116058029,0.00455597964816552
46.47323661830915,0.020141864905305135
46.523261630815405,-0.013027607645470137
46.57328664332166,0.001814834634848155
46.62331165582791,0.014025493070438478
46.673336668334166,0.020202216072788045
46.72336168084042,-0.010837104296626151
46.77338669334667,-0.01388177237821761
46.823411705852926,0.018593152869593836
46.87343671835918,0.019739611532643805
46.92346173086543,-9.996425841799828e-05
46.97348674337168,-0.01738029564063005
47.023511755877934,0.017443559781760955
47.07353676838419,-0.004160101812697169
47.12356178089044,0.016432845754710695
47.173586793396694,0.005028251287614187
47.22361180590295,0.013156120818479708
47.2736368184092,-0.013448358182047671
47.323661830915455,0.011546414728792496
47.37368684342171,-0.011025773494624741
47.42371185592796,-0.0037474129816632454
47.473736868434216,0.01391265405971266
47.52376188094047,0.013214297956490876
47.57378689344672,-0.012644110984120459
47.62381190595298,-0.011244916386469765
47.67383691845923,-0.003986711726752588
47.72386193096548,0.0007342504055809499
47.77388694347173,-0.004642317666526979
47.823911955977984,-0.015066226181253998
47.87393696848424,-0.010108616465113362
47.92396198099049,0.009002373247487918
47.973986993496744,0.015897317147845688
48.024012006003,-0.0183517426916266
48.07403701850925,0.0024970680909440685
48.124062031015505,0.010301036463955183
48.17408704352176,-0.0184728526099442
48.22411205602801,0.01352971226950461
48.274137068534266,-0.015289573086150086
48.32416208104052,0.003981701455124275
48.37418709354677,0.002002771016807886
48.42421210605303,0.0050822299892675825
48.47423711855927,-0.007751027283074044
48.52426213106553,-0.0031968151908080065
48.57428714357178,0.0033052227616576168
48.624312156078034,-0.0029702261621262797
48.67433716858429,0.006353845908570818
48.72436218109054,-0.0021283186270850546
48.774387193596795,-0.0024658146050363598
48.82441220610305,-0.01906492481798581
48.8744372186093,0.004755726304742624
48.924462231115555,-0.0004198940590647775
48.97448724362181,-0.01058992730206583
49.02451225612806,0.010542639627578777
49.074537268634316,0.01119902540968369
49.12456228114057,-0.0016684091808240717
49.17458729364682,-0.012817208730780207
49.22461230615308,-0.0010712144099321566
49.27463731865932,-0.01571692251174963
49.32466233116558,-0.01486172629575571
49.37468734367183,-0.002775996333799122
49.424712356178084,-0.016331424910690846
49.47473736868434,-0.002321258271698456
49.52476238119059,0.00040651460018019967
49.574787393696845,-0.018369254062697384
49.6248124062031,0.00545756634604356
49.67483741870935,-0.016710260554942593
49.724862431215605,0.00933932212631508
49.77488744372186,0.01110557359120823
49.82491245622811,0.0004594189516815353
49.874937468734366,-0.01782923076834363
49.92496248124062,0.00015716011406040632
49.97498749374687,-0.004885267982915231
50.02501250625313,0.01803497943130264
50.07503751875937,-0.01455227301449482
50.12506253126563,0.014283146482642462
50.17508754377188,0.019845359045060906
50.225112556278134,0.009283824029631951
50.27513756878439,0.0126000908355352
50.32516258129064,-0.01225112153742606
50.375187593796895,0.019269793505903857
50.42521260630315,-0.0003244365455479456
50.4752376188094,0.01826644422627187
50.525262631315655,0.016642644093842383
50.57528764382191,-0.01339440523743123
50.62531265632816,0.011536552493961093
50.675337668834416,0.017224809229405103
50.72536268134067,-0.017377679425291868
50.77538769384692,-0.005962203180744542
50.82541270635318,0.010249350159118332
50.87543771885942,-0.01364685027152226
50.92546273136568,0.01586427149713778
50.97548774387193,-0.008997141935605425
51.025512756378184,0.012628640768287337
51.07553776888444,-0.014253059959409436
51.12556278139069,9.329910472867831e-05
51.175587793896945,0.016801494861628657
51.2256128064032,-0.011661208272672889
51.27563781890945,-0.00947867574531824
51.325662831415706,0.0002477500694043388
51.37568784392196,-0.007228469912879425
51.42571285642821,-0.018517173105564912
51.475737868934466,-0.012705434222503507
51.52576288144072,-0.013538764797997682
51.57578789394697,0.017469724736077757
51.62581290645322,0.007202465710831641
51.67583791895947,0.015833685327466887
51.72586293146573,-0.013231040555467269
51.77588794397198,0.011416414257100065
51.825912956478234,-0.015372571652095973
51.87593796898449,0.0012560729690248439
51.92596298149074,0.005483251728982171
51.975987993996995,-0.005574675083119866
52.02601300650325,0.01495631299429535
52.0760380190095,0.00224996099713326
52.126063031515756,0.003249536916516102
52.17608804402201,0.01535477934010586
52.22611305652826,-0.01575605652862513
52.276138069034516,0.019784666195417355
52.32616308154077,0.005265171142806717
52.37618809404702,-0.004147153974971639
52.42621310655327,0.011998790534133495
52.47623811905952,-0.009307491658614655
52.52626313156578,0.019733750438217332
52.57628814407203,0.0032209258599584043
52.626313156578284,-0.005449428655109198
52.67633816908454,0.010741548295735872
52.72636318159079,-0.0021356959256255293
52.776388194097045,-0.01273791487620187
52.8264132066033,0.009956345766553356
52.87643821910955,-0.01783298140251899
52.926463231615806,0.013053419186918238
52.97648824412206,-0.009565872059572978
53.02651325662831,0.005887843761724903
53.076538269134566,0.01971380796375119
53.12656328164082,0.003822917380707975
53.176588294147074,0.006976072013305863
53.22661330665332,-0.0070220575251789385
53.276638319159574,-0.01940834473001586
53.32666333166583,-0.018075702109322866
53.37668834417208,-0.01339536553638731
53.426713356678334,0.005334933909732247
53.47673836918459,-0.0019492408449584104
53.52676338169084,0.0013434231261648182
53.576788394197095,0.016739646464917473
53.62681340670335,-0.013712134639555052
53.6768384192096,-0.00980576023882323
53.726863431715856,0.007333683760465823
53.77688844422211,-0.017784326768553602
53.82691345672836,-0.01844656170030436
53.87693846923462,-0.0042171947971356176
53.92696348174087,-0.014014122072861153
53.976988494247124,-0.00382302755908936
54.02701350675337,-0.00896578322206014
54.077038519259624,0.005594852310083841
54.12706353176588,0.00601770958633796
54.17708854427213,-0.009159148697252012
54.227113556778384,0.007867889093499806
54.27713856928464,0.002163078060265632
54.32716358179089,-0.011166334694735764
54.377188594297145,0.02120590109753559
54.4272136068034,-0.006192319243606028
54.47723861930965,-0.009616514978019882
54.527263631815906,-0.011383438930791743
54.57728864432216,0.010714556495286357
54.62731365682841,0.020469579231906745
54.67733866933467,0.017368582235560318
54.72736368184092,0.0026588672593399884
54.77738869434717,-0.0023148507044221086
54.82741370685342,-0.01185114823648827
54.877438719359674,0.014101378528395714
54.92746373186593,0.011454702688455767
54.97748874437218,0.0036788245095272544
55.027513756878434,0.01624253588769365
55.07753876938469,0.008973013975138212
55.12756378189094,0.029568159533400147
55.177588794397195,0.0223394179237345
55.22761380690345,0.003915851301821557
55.2776388194097,0.031157659685998138
55.327663831915956,-0.0021133210348867164
55.37768884442221,0.018567851602444906
55.42771385692846,0.014801208842848069
55.47773886943472,0.009401858085615349
55.52776388194097,0.003646175205482858
55.57778889444722,0.033968289987446776
55.62781390695347,0.004900438996090946
55.677838919459724,0.028131297697957355
55.72786393196598,0.04551843686371479
55.77788894447223,0.015463284756497135
55.827913956978485,0.01975273418301051
55.87793896948474,0.03820776561377659
55.92796398199099,0.036392668607651085
55.977988994497245,0.04413055709244297
56.0280140070035,0.053483691013011786
56.07803901950975,0.030547451173579626
56.128064032016006,0.03868839480578262
56.17808904452226,0.04121792790244683
56.22811405702851,0.03418926226541396
56.27813906953477,0.07101947919914467
56.32816408204102,0.07011876449637836
56.37818909454727,0.07093409716188015
56.42821410705352,0.0462597011829023
56.478239119559774,0.08364507780492178
56.52826413206603,0.08371704827343823
56.57828914457228,0.07674685673781267
56.628314157078535,0.09222316594255237
56.67833916958479,0.08526430193864888
56.72836418209104,0.08101467425595081
56.778389194597295,0.08120487171578071
56.82841420710355,0.09151201128506187
56.8784392196098,0.08921364367872224
56.928464232116056,0.10674105587064724
56.97848924462231,0.12918895347156625
57.02851425712856,0.13311646426847637
57.07853926963482,0.1454654533955106
57.12856428214107,0.14669377297229635
57.17858929464732,0.13567772783115448
57.22861430715357,0.15424205129390728
57.278639319659824,0.15682813535920362
57.32866433216608,0.17846499633554405
57.37868934467233,0.17564519255276936
57.428714357178585,0.17336468645648817
57.47873936968484,0.1967205820570075
57.52876438219109,0.2181846376633586
57.578789394697345,0.19704860580267397
57.6288144072036,0.23261142844817653
57.67883941970985,0.2073099597020448
57.728864432216106,0.22665605438652606
57.77888944472236,0.23547366620862326
57.82891445722861,0.26581771520669434
57.87893946973487,0.2841262434841741
57.92896448224111,0.2866992450219669
57.97898949474737,0.28067804201895813
58.02901450725362,0.3137903271406094
58.079039519759874,0.30293179242055235
58.12906453226613,0.31078179843610054
58.17908954477238,0.34915634744513857
58.229114557278635,0.3499259536968665
58.27913956978489,0.3644545578566342
58.32916458229114,0.37558284197540137
58.379189594797396,0.40054725347165127
58.42921460730365,0.39275082375685055
58.4792396198099,0.42030465339830847
58.529264632316156,0.4275157344653138
58.57928964482241,0.44694478755853945
58.62931465732866,0.44329110951407774
58.67933966983492,0.46805907078985726
58.72936468234116,0.4752587759216566
58.77938969484742,0.47821156687753696
58.82941470735367,0.4879072714350755
58.879439719859924,0.5179161332234067
58.92946473236618,0.5097457866296605
58.97948974487243,0.5567113342992167
59.029514757378685,0.539716525797878
59.07953976988494,0.5486516282359193
59.12956478239119,0.5654577451953203
59.179589794897446,0.611918034400452
59.2296148074037,0.6020602497264184
59.27963981990995,0.6073626025839938
59.329664832416206,0.6161603020908771
59.37968984492246,0.6298788430413995
59.42971485742871,0.6689803690143998
59.47973986993497,0.6795342944048206
59.529764882441214,0.6947852062115487
59.57978989494747,0.7089045250215785
59.62981490745372,0.6943750154534808
59.679839919959974,0.7274383264723081
59.72986493246623,0.7301751474031459
59.77988994497248,0.7598862570411145
59.829914957478735,0.7712177516190598
59.87993996998499,0.7850257912962467
59.92996498249124,0.7626215384244112
59.979989994997496,0.8049560491486347
60.03001500750375,0.816715703233102
60.08004002001,0.8274245802246087
60.13006503251626,0.8030490624024391
60.18009004502251,0.815690966999388
60.230115057528764,0.8202077993371937
60.28014007003502,0.8249277447407818
60.330165082541264,0.8648217073875059
60.38019009504752,0.8702835498436189
60.43021510755377,0.8695744173508333
60.480240120060024,0.8831179196886672
60.53026513256628,0.8807774430129024
60.58029014507253,0.8718936073209821
60.630315157578785,0.8687506431834676
60.68034017008504,0.8724920553475066
60.73036518259129,0.9021525286228073
60.780390195097546,0.8827903567531823
60.8304152076038,0.88953597592544
60.88044022011005,0.8953439154328446
60.93046523261631,0.8802929558603402
60.98049024512256,0.8902252707279464
61.030515257628814,0.891198977073199
61.08054027013506,0.9079010256281076
61.130565282641314,0.8928051941860177
61.18059029514757,0.8891716497283882
61.23061530765382,0.9125966758243671
61.280640320160074,0.8913325783834803
61.33066533266633,0.9018380701882037
61.38069034517258,0.8885737478147177
61.430715357678835,0.8606088643327401
61.48074037018509,0.8708887815201062
61.53076538269134,0.8663169140648167
61.580790395197596,0.8737617289924222
61.63081540770385,0.8501995006167749
61.6808404202101,0.857519776314244
61.73086543271636,0.8433840601604917
61.78089044522261,0.8226109511810009
61.830915457728864,0.8400745523587456
61.88094047023511,0.8004302580969808
61.930965482741364,0.8203850046108094
61.98099049524762,0.7848095611974097
62.03101550775387,0.7680697329281233
62.081040520260125,0.7657602861074219
62.13106553276638,0.77748287428143
62.18109054527263,0.7751006631681642
62.231115557778885,0.72484290782451
62.28114057028514,0.7326944330109277
62.33116558279139,0.7208435307072522
62.381190595297646,0.7209263957716856
62.4312156078039,0.6840756102504821
62.48124062031015,0.6839047721276912
62.53126563281641,0.6652423602531677
62.58129064532266,0.6716879849531632
62.631315657828914,0.6357427442725835
62.68134067033516,0.649844585768459
62.731365682841414,0.6100930388332558
62.78139069534767,0.5938894568965224
62.83141570785392,0.5997588004137786
62.881440720360175,0.5781311993022852
62.93146573286643,0.5489728008435037
62.98149074537268,0.5563906097354542
63.031515757878935,0.520511733757144
63.08154077038519,0.5351507195543034
63.13156578289144,0.5179054343864558
63.181590795397696,0.5079246891613196
63.23161580790395,0.4880518316753698
63.2816408204102,0.46372039150569755
63.33166583291646,0.4521962001055856
63.38169084542271,0.43868147244876754
63.431715857928964,0.4453817119153627
63.48174087043521,0.40020880338054354
63.531765882941464,0.4194369942418892
63.58179089544772,0.37219534151406336
63.63181590795397,0.36688543088983666
63.681840920460225,0.3567942115320125
63.73186593296648,0.3701234764396046
63.78189094547273,0.3421226406966712
63.831915957978985,0.325447411762851
63.88194097048524,0.3340421183176925
63.93196598299149,0.29664831735230673
63.981990995497746,0.2945848081602707
64.03201600800399,0.2864800198856915
64.08204102051025,0.2846986260898817
64.1320660330165,0.27417659511727654
64.18209104552275,0.2596863318202468
64.232116058029,0.2377942227873064
64.28214107053526,0.22718751044242955
64.33216608304151,0.21084841798962184
64.38219109554777,0.22912336464353766
64.43221610805402,0.2128974861204742
64.48224112056027,0.20735846198110094
64.53226613306653,0.17597768917777767
64.58229114557278,0.17851509157192957
64.63231615807904,0.1839180471445618
64.68234117058529,0.16841360510042594
64.73236618309154,0.14280231448449365
64.7823911955978,0.14899897335793463
64.83241620810405,0.1589241046921402
64.8824412206103,0.12627740718779157
64.93246623311656,0.11790028531849453
64.98249124562281,0.11600868896874772
65.03251625812906,0.12601598109966666
65.08254127063532,0.1258028434441448
65.13256628314157,0.09262912826874453
65.18259129564782,0.0872915080541831
65.23261630815408,0.08577530778757847
65.28264132066033,0.08396320076005742
65.33266633316659,0.08702036179292759
65.38269134567284,0.06800169571671937
65.43271635817908,0.0703132390850986
65.48274137068533,0.06057561208484282
65.53276638319159,0.08800881763220827
65.58279139569784,0.07432896411547427
65.63281640820409,0.045602042327985225
65.68284142071035,0.0765433725827437
65.7328664332166,0.03879440718983928
65.78289144572285,0.046936651367662896
65.8329164582291,0.06791134136704934
65.88294147073536,0.05749125241485292
65.93296648324161,0.05230697983372662
65.98299149574787,0.037788414682222604
66.03301650825412,0.025786950647122747
66.08304152076037,0.04113295161738514
66.13306653326663,0.017684554799844723
66.18309154577288,0.019580362815382793
66.23311655827914,0.02488111292665631
66.28314157078539,0.0088369396559916
66.33316658329164,0.021675512220108495
66.3831915957979,0.035688146843218915
66.43321660830415,0.03021281776493957
66.4832416208104,0.021011693661402077
66.53326663331666,0.024889920982231886
66.58329164582291,0.016810146191935663
66.63331665832916,0.0027133389867004323
66.68334167083542,0.020024980828265263
66.73336668334167,0.010971242107710584
66.78339169584793,0.0233933807766731
66.83341670835418,0.02911191216609111
66.88344172086043,0.009089187851538129
66.93346673336669,0.01400040523666646
66.98349174587294,0.02021241746786388
67.03351675837918,0.006352724732596283
67.08354177088543,-0.0020445756983010314
67.13356678339169,0.017053439510925913
67.18359179589794,0.022762504827192352
67.2336168084042,0.017956597356883243
67.28364182091045,0.01447119617001351
67.3336668334167,0.020075112439417078
67.38369184592295,0.012704284320744951
67.43371685842921,0.010756787359956858
67.48374187093546,0.0028559605607355824
67.53376688344171,-0.0031469881818344068
67.58379189594797,0.009122330998460222
67.63381690845422,-0.012410692198494023
67.68384192096048,0.00016423428381749563
67.73386693346673,0.014404038544268905
67.78389194597298,0.01138294449860002
67.83391695847924,0.007808305506900126
67.88394197098549,-0.007589521649482046
67.93396698349174,-0.000848098694211475
67.983991995998,0.00023238822565406145
68.03401700850425,0.0067174461947453225
68.0840420210105,-0.001928234856468394
68.13406703351676,0.00856333174561631
68.18409204602301,0.018628378881751166
68.23411705852926,-0.011379498870585543
68.28414207103552,0.007364956856923346
68.33416708354177,0.012208995914879686
68.38419209604803,-0.003464965526881247
68.43421710855428,0.0004929833289111
68.48424212106053,0.01980405351631222
68.53426713356679,-0.017728345333618382
68.58429214607303,0.0024129506224150536
68.63431715857928,-0.012949338031929518
68.68434217108553,0.011832269787698696
68.73436718359179,0.01813258374541758
68.78439219609804,0.0012307943338235473
68.8344172086043,-0.015537512854173036
68.88444222111055,0.003362201484125996
68.9344672336168,0.0019854254990262247
68.98449224612305,0.009003261711604505
69.03451725862931,0.000769381375766607
69.08454227113556,0.005825173382515819
69.13456728364181,0.013389567606974387
69.18459229614807,0.0010753578384933172
69.23461730865432,-0.003398505934096181
69.28464232116058,0.018088046713256842
69.33466733366683,-0.011443976679725186
69.38469234617308,0.007511724508441907
69.43471735867934,-0.004176674225638885
69.48474237118559,0.010619261389815293
69.53476738369184,-0.015004245116302568
69.5847923961981,0.019468554699426235
69.63481740870435,-0.00570042814004948
69.6848424212106,-0.01766289438579724
69.73486743371686,-0.00896080716375191
69.78489244622311,-0.00395446362405526
69.83491745872936,-0.01941556568072453
69.88494247123562,-0.0032100639742168352
69.93496748374187,-0.0031363988911549956
69.98499249624813,0.00796740490828447
70.03501750875438,-0.005881678316645213
70.08504252126063,-0.009363948806202985
70.13506753376689,-0.010996359648769669
70.18509254627313,0.00968249967855056
70.23511755877938,0.01761835379584314
70.28514257128563,0.0011018495252363917
70.33516758379189,-0.011226746124400132
70.38519259629814,0.0120743727872013
70.4352176088044,-0.004308263143845632
70.48524262131065,-0.011507738138087888
70.5352676338169,-0.014817599469096417
70.58529264632315,0.01107355763574911
70.63531765882941,0.012391105487647908
70.68534267133566,0.005379212615809815
70.73536768384191,-0.0012272121338592064
70.78539269634817,0.002487859207892622
70.83541770885442,-0.010955483610608299
70.88544272136068,0.018559027237528083
70.93546773386693,-0.005870792211094631
70.98549274637318,0.00555533716003821
71.03551775887944,0.012752634902812917
71.08554277138569,0.012649872123426631
71.13556778389194,-0.0012735803124075892
71.1855927963982,-0.008224207263170401
71.23561780890445,0.0019325565976279246
71.2856428214107,-0.014991731283307719
71.33566783391696,0.013351207978135144
71.38569284642321,-0.00580889801514059
71.43571785892946,0.014027887261194902
71.48574287143572,-0.009302053763303387
71.53576788394197,-0.00495321234435087
71.58579289644823,-0.00985729078527865
71.63581790895448,-0.00295517069476328
71.68584292146073,-0.012563841665110334
71.73586793396697,-0.019891699929050505
71.78589294647323,0.008872011702419054
71.83591795897948,-0.008751152098880416
71.88594297148573,-0.010200978977357743
71.93596798399199,-0.00792689947497881
71.98599299649824,-0.0008177451033902723
72.0360180090045,-0.002860049037150442
72.08604302151075,0.005492239297910874
72.136068034017,0.006370743938430686
72.18609304652325,-0.005502591188812506
72.23611805902951,0.017149174311658938
72.28614307153576,0.014177927935645372
72.33616808404201,-0.017717390013078184
72.38619309654827,0.013116077615089362
72.43621810905452,0.016232309480818195
72.48624312156078,0.011361599304816313
72.53626813406703,-0.014383877830423254
72.58629314657328,0.01325316657149353
72.63631815907954,0.005326533314364866
72.68634317158579,-0.0194005313582099
72.73636818409204,-0.01954080733314732
72.7863931965983,0.018070769406745162
72.83641820910455,0.006238292458601791
72.8864432216108,-0.009998917733364915
72.93646823411706,-0.01593950506297018
72.98649324662331,-0.014290682544896465
73.03651825912956,-0.010654328753827715
73.08654327163582,0.0110522352800699
73.13656828414207,-0.006142225698023481
73.18659329664833,-0.013893113278621383
73.23661830915458,0.016163500938349003
73.28664332166083,0.01166698399552327
73.33666833416707,-0.013283479216276534
73.38669334667333,0.015645425054791124
73.43671835917958,0.004334697671110523
73.48674337168583,0.0112512719457766
73.53676838419209,0.006738332388770033
73.58679339669834,0.01575651921126786
73.6368184092046,0.011522974642169026
73.68684342171085,0.013552146620818896
73.7368684342171,-0.012105148200197348
73.78689344672335,0.007711746497801859
73.83691845922961,0.0012318657234130525
73.88694347173586,0.009676534542299631
73.93696848424212,-0.0024564836634202985
73.98699349674837,0.01530738424475928
74.03701850925462,0.0022026560659230243
74.08704352176088,-0.00942009937892878
74.13706853426713,-0.01063281419084525
74.18709354677338,-0.014426279086969059
74.23711855927964,-0.00027669906270113344
74.28714357178589,-0.017661538551524993
74.33716858429214,-0.0013158898858366414
74.3871935967984,-0.014222748869974778
74.43721860930465,-0.0003446040149049842
74.4872436218109,-7.235935391912319e-05
74.53726863431716,0.001582451952561197
74.58729364682341,0.014516006778612492
74.63731865932967,-0.019734643252034376
74.68734367183592,0.013632009553053213
74.73736868434217,-0.0012800070696105802
74.78739369684843,0.0025046557362877744
74.83741870935468,0.0066143000513586864
74.88744372186092,0.013625369027068807
74.93746873436717,-0.004998409283081135
74.98749374687343,-0.003243407390967592
75.03751875937968,0.01842922700143239
75.08754377188593,-0.0169785537299547
75.13756878439219,0.0054883045776928305
75.18759379689844,0.005452984406846569
75.2376188094047,-0.018849378350468134
75.28764382191095,0.004398225955842593
75.3376688344172,0.0073168218223750225
75.38769384692345,0.017275475523021496
75.43771885942971,-0.006763130127029326
75.48774387193596,0.019290528351849058
75.53776888444222,0.00045101166718413993
75.58779389694847,-0.0005823488374080429
75.63781890945472,0.01593852254890328
75.68784392196098,-0.018601738617137115
75.73786893446723,0.00877712292552084
75.78789394697348,0.005069458786148427
75.83791895947974,-0.006387412680933893
75.88794397198599,0.014547511634550134
75.93796898449224,-0.005260324306123311
75.9879939969985,-0.0009097668480757949
76.03801900950475,0.0011483746077699062
76.088044022011,0.010970603122841576
76.13806903451726,-0.011399426538655864
76.18809404702351,-0.0023932962257816855
76.23811905952977,-0.0028736404886644824
76.28814407203602,0.002428315929017145
76.33816908454227,0.01337794630306599
76.38819409704853,-0.007927930298117065
76.43821910955478,0.013520795612818687
76.48824412206102,-0.0033769289851797875
76.53826913456727,0.0006950828849302426
76.58829414707353,-0.008505825766777867
76.63831915957978,0.0009755154453981701
76.68834417208603,0.019823229886080204
76.73836918459229,0.007124721346306361
76.78839419709854,0.012755154867167849
76.8384192096048,-0.00553458701258349
76.88844422211105,-0.005914437941419638
76.9384692346173,-0.006435088228737318
76.98849424712355,0.005273126086252305
77.03851925962981,0.007454264301017181
77.08854427213606,0.013706848507655854
77.13856928464232,-0.01574914951525858
77.18859429714857,0.011903872969817899
77.23861930965482,0.018810265704852978
77.28864432216108,0.005637372709694171
77.33866933466733,-0.013705163897157067
77.38869434717358,-0.003135871395799404
77.43871935967984,-0.014301680873426996
77.48874437218609,-0.0062835143212946944
77.53876938469234,0.02371841371682827
77.5887943971986,0.012031134568409898
77.63881940970485,0.014914494982466513
77.6888444222111,0.021160694590128825
77.73886943471736,0.027102246993305677
77.78889444722361,0.01640175335560093
77.83891945972987,0.017945559001767898
77.88894447223612,0.019828464903740926
77.93896948474237,0.0242340024117764
77.98899449724863,0.022007252214602896
78.03901950975487,0.027338290935248824
78.08904452226112,0.010723185609639358
78.13906953476737,0.031220332059878335
78.18909454727363,0.025379552018662516
78.23911955977988,0.04031704197647393
78.28914457228613,0.016846841859579655
78.33916958479239,0.023278964305707927
78.38919459729864,0.021009370217627034
78.4392196098049,0.054300193363450044
78.48924462231115,0.06397315994664365
78.5392696348174,0.058049746325407846
78.58929464732365,0.05132518638487294
78.63931965982991,0.07458068439321285
78.68934467233616,0.07861873738583147
78.73936968484242,0.07551582683788693
78.78939469734867,0.06963906031571072
78.83941970985492,0.07811908209549356
78.88944472236118,0.09007736548295836
78.93946973486743,0.09358200308110985
78.98949474737368,0.10619339080015952
79.03951975987994,0.12326460441831558
79.08954477238619,0.14409715404606085
79.13956978489244,0.11861380376747757
79.1895947973987,0.14936854978690145
79.23961980990495,0.13904986771794506
79.2896448224112,0.15361547660868125
79.33966983491746,0.19325412035078285
79.38969484742371,0.19643565417970993
79.43971985992997,0.22336135457684084
79.48974487243622,0.2182867011101381
79.53976988494247,0.21542792477388867
79.58979489744873,0.24540926897504492
79.63981990995497,0.2692896864509755
79.68984492246122,0.2994314092166193
79.73986993496747,0.31808572037551197
79.78989494747373,0.31541663625772814
79.83991995997998,0.3310422754582236
79.88994497248623,0.33736366374096455
79.93996998499249,0.3783718248400313
79.98999499749874,0.38094634860797794
80.040020010005,0.3989210387980865
80.09004502251125,0.4143726103218061
80.1400700350175,0.4353203328845452
80.19009504752376,0.4843012876223276
80.24012006003001,0.48404804745406466
80.29014507253626,0.5404350344693654
80.34017008504252,0.5282338156658792
80.39019509754877,0.5826992081609346
80.44022011005502,0.5765183495381524
80.49024512256128,0.5956950050459258
80.54027013506753,0.6475099964110781
80.59029514757378,0.6522496724100066
80.64032016008004,0.6957356400347705
80.69034517258629,0.6976743247748696
80.74037018509254,0.715854632371864
80.7903951975988,0.7683025903120226
80.84042021010505,0.7891311135131661
80.8904452226113,0.8177432178291627
80.94047023511756,0.8352651032834882
80.99049524762381,0.8315499993368416
81.04052026013007,0.8749056730296185
81.09054527263632,0.8991236288457947
81.14057028514257,0.909513597606542
81.19059529764881,0.9479956776847138
81.24062031015507,0.9396842602598519
81.29064532266132,0.986059800895612
81.34067033516757,0.9932225888761219
81.39069534767383,0.9810592168679267
81.44072036018008,0.9962260432648804
81.49074537268633,1.035608922881449
81.54077038519259,1.055078617428634
81.59079539769884,1.037188592509814
81.6408204102051,1.0568299559097027
81.69084542271135,1.0826820437408105
81.7408704352176,1.067957759232176
81.79089544772386,1.1022371879846928
81.84092046023011,1.0923747537538318
81.89094547273636,1.079058927670825
81.94097048524262,1.093725268853348
81.99099549774887,1.1029757771902828
82.04102051025512,1.0970768699403541
82.09104552276138,1.1047515605241873
82.14107053526763,1.0802259774999554
82.19109554777388,1.1016947528334884
82.24112056028014,1.0783364615491433
82.29114557278639,1.0822645764099803
82.34117058529264,1.0730059060517778
82.3911955977989,1.0546028098674358
82.44122061030515,1.0421354364808177
82.4912456228114,1.0457740061264187
82.54127063531766,1.0385818784158622
82.59129564782391,1.0175224406780619
82.64132066033017,0.9931074054609889
82.69134567283642,0.9654285752056874
82.74137068534267,0.9385169917401934
82.79139569784891,0.9565297399253423
82.84142071035517,0.9263681246761211
82.89144572286142,0.9112508656227387
82.94147073536767,0.870671425279202
82.99149574787393,0.860244473924857
83.04152076038018,0.8531864643087357
83.09154577288643,0.8249415201703941
83.14157078539269,0.7929305246517034
83.19159579789894,0.7580863946920486
83.2416208104052,0.7394729139327266
83.29164582291145,0.7342409286663756
83.3416708354177,0.6900318876567274
83.39169584792396,0.6785339826365273
83.44172086043021,0.6513783649846998
83.49174587293646,0.6393674926766246
83.54177088544272,0.6121454335153117
83.59179589794897,0.567664606726773
83.64182091045522,0.5331008816956736
83.69184592296148,0.5205212556009664
83.74187093546773,0.504176741433185
83.79189594797398,0.4883744029958416
83.84192096048024,0.4755749294294004
83.89194597298649,0.45689145525058134
83.94197098549274,0.40200985710511317
83.991995997999,0.41306682715409115
84.04202101050525,0.39214989551683055
84.0920460230115,0.374856511917276
84.14207103551776,0.34409987626347777
84.19209604802401,0.313816735040206
84.24212106053027,0.31914750002787423
84.29214607303652,0.30022826814804804
84.34217108554276,0.2787968868354326
84.39219609804901,0.2720488362154046
84.44222111055527,0.2340865543431471
84.49224612306152,0.2089549448128854
84.54227113556777,0.21366381288292272
84.59229614807403,0.20999712091430883
84.64232116058028,0.17331764926269627
84.69234617308653,0.18311268218429763
84.74237118559279,0.17877536602877947
84.79239619809904,0.13985379411936388
84.8424212106053,0.14432665031852784
84.89244622311155,0.13727361000603525
84.9424712356178,0.11943958796605766
84.99249624812406,0.10027679444742231
85.04252126063031,0.09389977334498234
85.09254627313656,0.10594570261962867
85.14257128564282,0.1002319214335994
85.19259629814907,0.08007564789990071
85.24262131065532,0.058754685579841856
85.29264632316158,0.08148865988019474
85.34267133566783,0.07449184525989092
85.39269634817408,0.047681143493253655
85.44272136068034,0.056674530400060034
85.49274637318659,0.0648372278974248
85.54277138569284,0.06015957125633234
85.5927963981991,0.04173472043904622
85.64282141070535,0.03631984619536131
85.6928464232116,0.03750009474635573
85.74287143571786,0.018421676157975523
85.79289644822411,0.01571908439765745
85.84292146073037,0.012652070161994829
85.89294647323662,0.031076898409811694
85.94297148574286,0.015355399542650104
85.99299649824911,0.02141216248284479
86.04302151075537,0.013098772886022264
86.09304652326162,0.01601136352719365
86.14307153576787,-0.00024571416539662626
86.19309654827413,-0.005814362265011629
86.24312156078038,0.031021715390145754
86.29314657328663,0.004948297813643535
86.34317158579289,-0.006810757693254997
86.39319659829914,0.013310574803971091
86.4432216108054,0.01864156374974976
86.49324662331165,-0.007376515549750187
86.5432716358179,0.009571177701678006
86.59329664832416,-0.0011458618774553538
86.64332166083041,0.005273221184377417
86.69334667333666,-0.015187142794083244
86.74337168584292,-0.015119486587970913
86.79339669834917,0.022748194731030888
86.84342171085542,0.017412876672903983
86.89344672336168,0.0018985812445186175
86.94347173586793,0.004844758535810045
86.99349674837418,-0.007635667830524151
87.04352176088044,0.012839607827927825
87.09354677338669,-0.0014929118860529955
87.14357178589295,0.01914915701798771
87.1935967983992,0.01181980740461689
87.24362181090545,0.013742180630127705
87.2936468234117,0.01940324739112233
87.34367183591796,-0.009085399028568305
87.39369684842421,-0.017827050172486005
87.44372186093047,-0.011387313065740333
87.4937468734367,-0.012272125248659425
87.54377188594296,-0.016220776240031147
87.59379689844921,-0.01758449636427343
87.64382191095547,0.0026206327179740304
87.69384692346172,0.015108263325879116
87.74387193596797,-0.0014254183301589006
87.79389694847423,0.01809823015456917
87.84392196098048,0.016577829495500677
87.89394697348673,-0.017276710983815335
87.94397198599299,0.004056730112239647
87.99399699849924,-0.003989065670498311
88.0440220110055,-0.015104677696164243
88.09404702351175,0.018456384597649433
88.144072036018,-0.009639952561758881
88.19409704852426,0.0026408137061735004
88.24412206103051,0.005678019777309243
88.29414707353676,0.01830170945046212
88.34417208604302,0.006827078843572796
88.39419709854927,-0.00424278348315454
88.44422211105552,-0.002038686770342194
88.49424712356178,-0.01358748418232993
88.54427213606803,0.018650534703983285
88.59429714857428,0.0196853697754183
88.64432216108054,-0.01111698819707554
88.69434717358679,-0.01844280858742147
88.74437218609305,-0.009755467039019177
88.7943971985993,-0.005911111751976965
88.84442221110555,0.016117282402083006
88.8944472236118,0.0161888501390583
88.94447223611806,0.013493710712473322
88.99449724862431,-0.018114128954134515
89.04452226113057,0.011458424472183353
89.0945472736368,0.00838724871246335
89.14457228614306,0.005869899342596417
89.19459729864931,0.019419067304453943
89.24462231115557,-0.017767602262701496
89.29464732366182,-0.014206697518004732
89.34467233616807,0.010199191179996063
89.39469734867433,0.017576184492860258
89.44472236118058,0.007076363054823611
89.49474737368683,-0.008047632451923376
89.54477238619309,0.0036591564735236133
89.59479739869934,0.010316359630854421
89.6448224112056,-0.01578283396080465
89.69484742371185,-0.007042960479558245
89.7448724362181,-0.009719329973596558
89.79489744872436,-0.015034053288948444
89.84492246123061,-0.0007473071707908934
89.89494747373686,-0.013256776560937936
89.94497248624312,-0.010461589803568745
89.99499749874937,-0.01427393652560506
90.04502251125562,0.007105782066242537
90.09504752376188,-0.01949537715333718
90.14507253626813,0.00868911766341009
90.19509754877438,-0.012195809890868957
90.24512256128064,-0.018559464316817514
90.29514757378689,0.01710718324509838
90.34517258629315,-0.011177886388708359
90.3951975987994,0.017359087765497983
90.44522261130565,0.014670092063699436
90.4952476238119,0.015548313270797164
90.54527263631816,-0.01440947956509339
90.59529764882441,-0.0021101856042579563
90.64532266133065,-0.01612049720562987
90.6953476738369,0.017151149776458142
90.74537268634316,0.013689976165435956
90.79539769884941,0.0051348286857516145
90.84542271135567,-0.0019066438395058901
90.89544772386192,-0.0064088351609585485
90.94547273636817,0.012922434587587954
90.99549774887443,-0.0008984672675475212
91.04552276138068,0.005127327008333431
91.09554777388693,-0.014289283796129157
91.14557278639319,-0.011133963545008316
91.19559779889944,-0.017730943631792197
91.2456228114057,0.008548977285848183
91.29564782391195,0.002134963832928024
91.3456728364182,-0.014211561615370509
91.39569784892446,0.014828925955709416
91.44572286143071,-0.009344128400247472
91.49574787393696,-0.0035287330673244304
91.54577288644322,-0.0137725414866875
91.59579789894947,-0.00915571457054669
91.64582291145572,0.013582534336488953
91.69584792396198,-0.006619645671244258
91.74587293646823,-0.01328808564800923
91.79589794897448,-0.0003597226156286621
91.84592296148074,-0.007277325831853313
91.89594797398699,0.01612672911126106
91.94597298649325,-0.015433273257648443
91.9959979989995,0.019144870801230552
92.04602301150575,-0.017725882930957615
92.096048024012,0.015801503898624544
92.14607303651826,0.006731200498269558
92.19609804902451,-0.011553658076778668
92.24612306153075,-0.0009017858374372934
92.296148074037,-0.00855067398374353
92.34617308654326,-0.009688274335874774
92.39619809904951,-0.011935126789028368
92.44622311155577,-0.0054288019433434455
92.49624812406202,0.019640837688392615
92.54627313656827,0.019923425090441635
92.59629814907453,0.017003190886822128
92.64632316158078,-0.016097406032333342
92.69634817408703,-0.008422855014677358
92.74637318659329,0.015847978640433007
92.79639819909954,-0.017700705280073507
92.8464232116058,0.009058916562460054
92.89644822411205,-0.008259023086842931
92.9464732366183,0.019145247232915524
92.99649824912456,-0.01935885893039181
93.04652326163081,0.012280922981472044
93.09654827413706,-0.006363761570790825
93.14657328664332,-0.01439426289705288
93.19659829914957,-0.019923078778501573
93.24662331165582,0.013289790136719352
93.29664832416208,0.0010634667534891687
93.34667333666833,-0.012567174923384397
93.39669834917459,-0.0025900247572174864
93.44672336168084,0.01647925508289092
93.49674837418709,-0.01126940331552755
93.54677338669335,0.002853593880144569
93.5967983991996,-0.014477020250744795
93.64682341170585,-0.012794805013639872
93.6968484242121,0.010817829737193236
93.74687343671836,0.00846473162640017
93.7968984492246,-0.012131539404197523
93.84692346173085,-0.01682933156818988
93.8969484742371,-0.016503159436784366
93.94697348674336,0.004342230776205636
93.99699849924961,-0.00018078662118909569
94.04702351175587,-0.009044462092125937
94.09704852426212,-0.011758723516153976
94.14707353676837,0.0044973327725826755
94.19709854927463,0.008310304173363673
94.24712356178088,0.012463348565155264
94.29714857428714,0.003317324014915356
94.34717358679339,-0.011908366379130961
94.39719859929964,-0.01737218806378752
94.4472236118059,0.009308610117304921
94.49724862431215,-0.0036750808831847357
94.5472736368184,0.008866238867118383
94.59729864932466,-0.017785127902490146
94.64732366183091,0.01242588619817536
94.69734867433716,-0.006591223990393353
94.74737368684342,0.013676315140480092
94.79739869934967,0.014580213411343832
94.84742371185592,-0.0002793156831473147
94.89744872436218,-0.019382194456602105
94.94747373686843,0.016408638585502105
94.99749874937469,-0.0009354263146871542
95.04752376188094,0.014880546827758027
95.09754877438719,-0.00934961818208099
95.14757378689345,-0.012557913195154789
95.1975987993997,0.013264912958655766
95.24762381190595,-0.005315963614979147
95.2976488244122,-0.013460476785225498
95.34767383691846,-0.00515338701757201
95.3976988494247,0.003795801954887254
95.44772386193095,-0.01981442053432558
95.4977488744372,0.0007929196751472085
95.54777388694346,-0.00216930449940712
95.59779889944971,0.0006250170085852699
95.64782391195597,-0.015169121814752154
95.69784892446222,0.008583597911812676
95.74787393696847,0.012661420950307017
95.79789894947473,0.014618875656290099
95.84792396198098,-0.00716084874298443
95.89794897448724,0.008447457512644366
95.94797398699349,-0.004744435079004834
95.99799899949974,0.010052640407694127
96.048024012006,-0.017551679822343097
96.09804902451225,0.014912133844998048
96.1480740370185,0.018162079373283947
96.19809904952476,-0.00020785854862962264
96.24812406203101,0.0005325627403383951
96.29814907453726,0.0012204202426976396
96.34817408704352,0.0014932579202567402
96.39819909954977,-0.01917248778237766
96.44822411205602,0.018697051432307422
96.49824912456228,-0.011052040571248804
96.54827413706853,-0.01270424688819634
96.59829914957479,-0.015892983582045765
96.64832416208104,-0.009981676770639351
96.69834917458729,0.012686147080467353
96.74837418709355,-0.018797057861253276
96.7983991995998,-0.016141144357230762
96.84842421210605,0.007958691042288718
96.8984492246123,-0.012196602743441077
96.94847423711855,-0.01929250602801685
96.9984992496248,0.003975930403720494
97.04852426213105,0.003059301216584473
97.0985492746373,0.0009164506907365817
97.14857428714356,0.008105813695255617
97.19859929964981,-0.01588541705885537
97.24862431215607,0.014781045047612868
97.29864932466232,0.008683925622395089
97.34867433716857,-0.01819317511528341
97.39869934967483,-0.015078033368335561
97.44872436218108,-0.00025632363977966255
97.49874937468734,3.022156998853595e-05
97.54877438719359,-0.00881508645116091
97.59879939969984,-0.015118504726426885
97.6488244122061,-0.0037739792810565394
97.69884942471235,-0.014521814721346595
97.7488744372186,0.003672483333180286
97.79889944972486,0.014443609782169218
97.84892446223111,-0.014111178616054177
97.89894947473736,0.0029136569684906945
97.94897448724362,0.009863140999261225
97.99899949974987,-0.013427078441323525
98.04902451225612,0.013040553336891175
98.09904952476238,0.017503238509592855
98.14907453726863,-0.004450210126081338
98.19909954977489,-0.003180636883664066
98.24912456228114,0.013588908196327156
98.29914957478739,0.0010246169675014252
98.34917458729365,-0.004174661049100227
98.3991995997999,0.017651677445163053
98.44922461230615,0.011076285351292698
98.4992496248124,-0.00645805764177239
98.54927463731865,-0.010384916413256983
98.5992996498249,-0.006596698547742204
98.64932466233115,-0.002576724635652835
98.6993496748374,0.019248836506731672
98.74937468734366,0.012175137992449663
98.79939969984991,0.016510833299347664
98.84942471235617,0.012601727962670343
98.89944972486242,0.013905227053487516
98.94947473736867,-0.017857873044943885
98.99949974987493,0.0006949797709671253
99.04952476238118,0.018314439559031715
99.09954977488744,0.017373321161693284
99.14957478739369,-0.01002862218901616
99.19959979989994,-0.003114554386401659
99.2496248124062,0.005307592753039145
99.29964982491245,-0.005422721174649757
99.3496748374187,0.0012319329939770064
99.39969984992496,-0.01722943147291236
99.44972486243121,-0.00267837876058076
99.49974987493746,0.0001909862962783497
99.54977488744372,-0.019166882566965093
99.59979989994997,-0.014423732036135211
99.64982491245622,0.018787846981600412
99.69984992496248,0.011063183247299647
99.74987493746873,0.017477388219157255
99.79989994997499,0.005328460647690849
99.84992496248124,0.012370743745622099
99.89994997498749,0.01537491857209598
99.94997498749375,0.015385689151366583
100.0,-0.018625053803441923
